{"cameraMode":{"drawMode":0,"name":"Shaded","section":"Shading Mode"},"sceneLighting":true,"audioPlay":false,"sceneViewState":{"m_AlwaysRefresh":false,"showFog":true,"showSkybox":true,"showFlares":true,"showImageEffects":true,"showParticleSystems":true,"showVisualEffectGraphs":true,"m_FxEnabled":true},"in2DMode":false,"pivot":{"x":0.6609678268432617,"y":3.1718311309814455,"z":2.0355987548828127},"rotation":{"x":0.04563494399189949,"y":-0.9502289295196533,"z":0.2587001919746399,"w":0.16762405633926392},"size":1.207395076751709,"orthographic":false}