{"cameraMode":{"drawMode":0,"name":"Shaded","section":"Shading Mode"},"sceneLighting":false,"audioPlay":false,"sceneViewState":{"m_AlwaysRefresh":false,"showFog":true,"showSkybox":false,"showFlares":true,"showImageEffects":true,"showParticleSystems":true,"showVisualEffectGraphs":true,"m_FxEnabled":true},"in2DMode":false,"pivot":{"x":3.4683375358581545,"y":2.3376593589782717,"z":3.2621984481811525},"rotation":{"x":0.011091092601418496,"y":-0.9879904389381409,"z":0.12847185134887696,"w":0.085283562541008},"size":4.962325572967529,"orthographic":true}