{"cameraMode":{"drawMode":0,"name":"Shaded","section":"Shading Mode"},"sceneLighting":true,"audioPlay":false,"sceneViewState":{"m_AlwaysRefresh":false,"showFog":true,"showSkybox":true,"showFlares":true,"showImageEffects":true,"showParticleSystems":true,"showVisualEffectGraphs":true,"m_FxEnabled":true},"in2DMode":false,"pivot":{"x":-0.5457185506820679,"y":2.9620723724365236,"z":-5.1910552978515629},"rotation":{"x":-0.008352917619049549,"y":0.7000187635421753,"z":-0.7140350937843323,"w":-0.008190842345356942},"size":90.35657501220703,"orthographic":true}